{
  "tree_height": 2.509998320000001,
  "dbh_height": 0.37649974800000013,
  "dbh_z": 0.37649974800000013,
  "dbh_center_x": -0.00256522818928035,
  "dbh_center_y": 0.025442377790183456,
  "dbh": 0.28498417092793515,
  "dbh_radius": 0.14249208546396758,
  "dbh_sample_count": 1671,
  "basal_area": 0.06378687970799375,
  "crown_base_height": 0.42058864078865804,
  "crown_length": 2.089409679211343,
  "crown_ratio": 0.8324346923114044,
  "crown_spread_x": 1.8933308930136263,
  "crown_spread_y": 2.5199584886431694,
  "crown_projected_area_ellipse": 3.747225159152942,
  "crown_volume_ellipsoid": 5.219659011812282,
  "branch_count": 47,
  "terminal_tip_count": 24,
  "bifurcation_count": 23,
  "max_topological_order": 13,
  "max_strahler_order": 4,
  "total_branch_length": 17.22120895872131,
  "total_wood_volume_frustum": 0.9682182537659432,
  "total_surface_area_frustum": 13.508558398723054,
  "mean_parent_branch_angle_deg": 56.11302578251974,
  "max_parent_branch_angle_deg": 146.54183398505427
}